https://www.fool.com/retirement/2019/04/20/dont-file-for-social-security-until-youve-answered.aspx,You need to make an informed decision when claiming benefits. These questions will help you arrive at one.
https://www.nbcnews.com/news/us-news/corporate-america-embraces-420-pot-legalization-grows-n996716,Lyft is offering a $4.20 credit on a single ride in Colorado and in select cities while Carl’s Jr. is using a Denver restaurant to market a hamburger infused with CBD.
https://www.nytimes.com/2019/04/20/business/boeing-dreamliner-production-problems.html,"Workers at a 787 Dreamliner plant in South Carolina have complained of defective manufacturing, debris left on planes and pressure to not report violations."
https://www.wxyz.com/news/michigan-boy-calls-911-asking-for-mcdonalds-police-respond,"A 5-year-old Michigan boy had a craving for fast food early Sunday morning and with his grandmother sleeping, he needed help."
https://www.mercurynews.com/2019/04/20/zoom-celebrates-ipo-with-downtown-san-jose-outdoors-party/,"Zoom Video Communications, a cloud-based video and web conferencing upstart went public this week and then on Friday went to a party at bustling San Pedro Square to celebrate the tech company&#8217…"
https://www.mlive.com/lottery/2019/04/mega-millions-results-for-041919-jackpot-worth-175-million.html,"In Michigan, one ticket sold won $10,000. That was the largest prize won in the state."
https://www.nytimes.com/2019/04/20/world/europe/marcus-hutchins-wannacry.html,"Marcus Hutchins, a British security researcher credited with halting a huge outbreak of ransom software in 2017, accepted United States charges over previous activity."
https://seekingalpha.com/article/4255348-save-invest-retirement-62,"A million dollars is not the same as it used to be. Still, along with Social Security, it's enough for most people to retire on comfortably. Setting your goals"
https://bitcoinist.com/binance-coin-becomes-first-crypto-to-surpass-january-18-all-time-high/,Binance Coin has had a stellar performance since the beginning of 2019. Up more than 315 percent since January 1. BNB has managed to surpass its former Binance Coin (BNB) has is having a breakout month and a stellar 2019. Up more than 315 percent since Januar…
https://www.mercurynews.com/2019/04/20/woman-at-center-of-palo-alto-maga-uproar-missing/,"Lake County Sheriff’s Office says Rebecca Parker Mankey is believed to be in Aberdeen, Wash. area"
https://www.witn.com/content/news/Ethan-Allen-announces-layoffs-in-North-Carolina-New-Jersey-508844021.html,"The Asheville Citizen-Times reports Ethan Allen Interiors said in a news release that it will lay off 325 workers from its manufacturing facility in Old Fort, North Carolina, and 55 employees in Passaic, New Jersey."
https://www.cnn.com/2019/04/20/health/peeps-history/index.html,Easter is a popular time for America's bunny- and chick-shaped marshmallows friends known as Peeps. Join us as we take a look back at the adventure of a perennial favorite.
https://www.foxnews.com/auto/electric-ford-bronco-revealed-with-shocking-price,The Bronco is being rebooted.
https://seekingalpha.com/article/4255527-stocks-watch-earnings-blitz-autonomy-talk,Welcome to Seeking Alpha's Stocks to Watch - a preview of key events scheduled for the next week. Follow this account and turn the e-mail alert on to receive th
https://www.cnn.com/2019/04/20/investing/bacon-more-expensive-china/index.html,"African swine fever is plaguing China's pork production. The disease is killing multitudes of animals, hitting the global pork supply chain, and driving up prices."
https://techcrunch.com/2019/04/20/startups-weekly-the-ceo-of-zoom-thinks-its-stock-price-is-too-high/,"In this week's newsletter: More IPOs, Boston Dynamics dog-like robot makes its debut and Ro raises $85M."
https://www.newstimes.com/business/article/In-Stop-Shop-picketing-a-path-to-renewal-for-13780616.php,"As John Casey mingled this week with a few dozen Stop & Shop strikers in Norwalk under his supervision, he mulled the impact of any prolonged action on the lives of those United Food & Commercial Worker members now reduced to a $20-a-day stipend. 
 Morale is …"
https://www.youtube.com/watch?v=ebJMP8KZ3Lg,"Jet Airways, once considered India’s private premiere airline, grounded its flight operation on Wednesday night after failing to get funds to stay afloat. Th..."
https://www.reuters.com/article/us-china-games/china-releases-new-rules-on-game-approvals-idUSKCN1RW07F,"China's press and publication regulator has issued new rules on applications for publishing online games in China, signaling a possible acceleration in the handing out of formal approvals."
https://www.fool.sg/2019/04/20/retirement-savings-dividend-stocks-offer-the-fastest-route-to-a-million/,Dividend stocks could help investors to enjoy financial freedom in retirement.
